Date,LLOY_Open,LLOY_High,LLOY_Low,LLOY_Close,LLOY_Change,LLOY_Percent,LSE_Price,LSE_Open,LSE_High,LSE_Low,LSE_Change,LSE_Percent,2 MYYC,10 MYYC,2s10s
27-Aug-19,49.59,51.299999,49.349998,49.759998,-0.0034,-0.3416,6840.00,6900.00,6902.00,6784.00,0.0012,0.1200,0.37,0.47,0.1052
28-Aug-19,49.855,49.939999,49.215,49.514999,0.0069,0.6867,6880.00,6852.00,6904.00,6804.00,0.0058,0.5800,0.34,0.41,0.0722
29-Aug-19,49.244999,50.147999,48.419998,49.805,-0.0112,-1.1244,6970.00,6894.00,6982.00,6876.00,0.0131,1.3100,0.35,0.40,0.0535
30-Aug-19,49.994999,51.049999,49.720001,49.830002,0.0033,0.3311,6954.00,6936.00,7032.00,6932.00,-0.0023,-0.2300,0.38,0.44,0.0599
2-Sep-19,49.84,50.77,49.830002,50.32,-0.0095,-0.9539,7020.00,6936.00,7040.00,6932.00,0.0095,0.9500,0.33,0.39,0.0601
3-Sep-19,49.91,50.299999,49.224998,49.59,0.0065,0.6453,7034.00,7020.00,7058.00,6956.00,0.0020,0.2000,0.31,0.36,0.0489
4-Sep-19,49.25,50.419998,49.205002,49.595001,-0.0070,-0.6956,7136.00,7100.00,7142.00,6948.00,0.0145,1.4500,0.36,0.47,0.1112
5-Sep-19,49.25,50.630001,49.139999,50.029999,-0.0156,-1.5591,7208.00,7216.00,7316.00,7152.00,0.0101,1.0100,0.44,0.57,0.1348
6-Sep-19,49.57,50.400002,49.259998,50.040001,-0.0094,-0.9393,7322.00,7228.00,7370.00,7202.00,0.0158,1.5800,0.37,0.47,0.1003
9-Sep-19,49.349998,50.252998,48.779999,50.18,-0.0165,-1.6540,7080.00,7392.00,7420.00,7080.00,-0.0331,-3.3100,0.44,0.57,0.1329
10-Sep-19,50.169998,52.419998,50.009998,52.32,-0.0411,-4.1093,6804.00,7070.00,7171.90,6732.00,-0.0390,-3.9000,0.46,0.60,0.1365
11-Sep-19,52.959999,53.470001,50.883999,52.599998,0.0068,0.6844,7206.00,6818.00,7922.00,6690.00,0.0591,5.9100,0.48,0.60,0.1197
12-Sep-19,52.380001,53.124001,50.919998,51.939999,0.0085,0.8471,7252.00,7250.00,7296.00,7158.00,0.0064,0.6400,0.50,0.60,0.1023
13-Sep-19,52.43,54.939999,52.41,54.259998,-0.0337,-3.3726,7514.00,7260.00,7566.00,7198.00,0.0361,3.6100,0.56,0.72,0.1595
16-Sep-19,54.130001,54.68,53.900002,54.119999,0.0002,0.0185,7404.00,7434.00,7434.00,7274.00,-0.0146,-1.4600,0.50,0.65,0.1467
17-Sep-19,54.02,54.150002,53.16,53.16,0.0162,1.6178,7350.00,7376.00,7432.00,7330.00,-0.0073,-0.7300,0.51,0.65,0.1365
18-Sep-19,52.68,53.450001,52.639999,52.990002,-0.0059,-0.5850,7256.00,7340.00,7344.00,7256.00,-0.0128,-1.2800,0.50,0.61,0.1045
19-Sep-19,53.5,54.610001,53.200001,54.060001,-0.0104,-1.0359,7246.00,7230.00,7256.00,7150.00,-0.0014,-0.1400,0.49,0.59,0.1007
20-Sep-19,54.799999,55.860001,54.759998,55.509998,-0.0128,-1.2790,7250.00,7200.00,7264.00,7168.00,0.0006,0.0600,0.51,0.59,0.0840
23-Sep-19,55.23,55.23,53.709999,54.299999,0.0171,1.7127,7306.00,7258.00,7334.00,7202.00,0.0077,0.7700,0.44,0.50,0.0550
24-Sep-19,54.509998,54.880001,53.310001,53.5,0.0189,1.8878,7370.00,7320.00,7402.80,7288.00,0.0088,0.8800,0.43,0.49,0.0610
25-Sep-19,52.720001,53.601002,52.209999,53.369999,-0.0122,-1.2179,7254.00,7296.00,7330.00,7161.40,-0.0157,-1.5700,0.43,0.49,0.0617
26-Sep-19,53.09,53.976002,53.09,53.59,-0.0093,-0.9330,7350.00,7268.00,7350.00,7266.00,0.0132,1.3200,0.42,0.49,0.0713
27-Sep-19,53.439999,54.939999,53.209999,54.939999,-0.0273,-2.7303,7360.00,7406.00,7518.50,7304.00,0.0014,0.1400,0.37,0.47,0.1052
30-Sep-19,54.740002,55.240002,54.119999,54.119999,0.0115,1.1456,7308.00,7324.00,7400.00,7308.00,-0.0071,-0.7100,0.35,0.46,0.1088
1-Oct-19,54.509998,54.880001,53.259998,53.380001,0.0212,2.1169,7256.00,7378.00,7378.00,7232.00,-0.0071,-0.7100,0.32,0.44,0.1197
2-Oct-19,53.07,53.598999,51.59,51.599998,0.0285,2.8488,7008.00,7220.00,7238.00,6984.00,-0.0342,-3.4200,0.35,0.46,0.1079
3-Oct-19,51.34,51.860001,51.049999,51.619999,-0.0054,-0.5424,7168.00,7008.00,7188.00,6980.00,0.0228,2.2800,0.35,0.45,0.1024
4-Oct-19,51.619999,52.306999,51.119999,52.029999,-0.0079,-0.7880,7382.00,7310.00,7394.00,7172.00,0.0299,2.9900,0.32,0.40,0.0863
7-Oct-19,51.560001,52.16,51.185001,51.700001,-0.0027,-0.2708,7452.00,7400.00,7500.00,7362.00,0.0095,0.9500,0.32,0.42,0.0972
8-Oct-19,52.119999,52.209999,50.955002,50.98,0.0224,2.2362,7020.00,7024.00,7132.00,6950.00,-0.0580,-5.8000,0.29,0.38,0.0919
9-Oct-19,50.98,51.27,50.599998,50.700001,0.0055,0.5523,7248.00,7052.00,7248.00,7028.00,0.0325,3.2500,0.34,0.43,0.0892
10-Oct-19,50.82,52.830002,50.790001,52.669998,-0.0351,-3.5124,7288.00,7226.00,7288.00,7088.00,0.0055,0.5500,0.41,0.52,0.1088
11-Oct-19,54.549999,59.540001,54.060001,59.130001,-0.0775,-7.7456,7300.00,7270.00,7326.00,7119.70,0.0016,0.1600,0.54,0.68,0.1378
14-Oct-19,57.75,59.540001,54.062,57.790001,-0.0007,-0.0692,7298.00,7304.00,7356.00,7244.00,-0.0003,-0.0300,0.50,0.61,0.1123
15-Oct-19,59.200001,62.080002,58.490002,60.82,-0.0266,-2.6636,7208.00,7300.00,7410.00,7122.00,-0.0123,-1.2300,0.54,0.67,0.1378
16-Oct-19,61.310001,61.82,59,61.029999,0.0046,0.4588,7010.00,7210.00,7210.00,6996.00,-0.0275,-2.7500,0.52,0.66,0.1425
17-Oct-19,60.099998,64.169998,59.790001,60.959999,-0.0141,-1.4108,7044.00,7064.00,7086.00,6920.00,0.0049,0.4900,0.51,0.67,0.1584
18-Oct-19,59.049999,61.150002,58.945999,60.189999,-0.0189,-1.8940,7102.00,7100.00,7236.00,7066.00,0.0082,0.8200,0.53,0.68,0.1578
21-Oct-19,60.77,62.040001,60.542,61.439999,-0.0109,-1.0905,7074.00,7142.00,7169.90,7008.00,-0.0039,-0.3900,0.54,0.72,0.1825
22-Oct-19,61,61.533001,60.349998,60.41,0.0098,0.9767,7134.00,7054.00,7134.00,6946.00,0.0085,0.8500,0.50,0.68,0.1757
23-Oct-19,59.27,60.529999,58.93,60.279999,-0.0168,-1.6755,6936.00,7098.00,7149.80,6912.00,-0.0278,-2.7800,0.50,0.65,0.1474
24-Oct-19,59.91,60.580002,59.52,59.849998,0.0010,0.1003,6990.00,6994.00,7080.00,6942.00,0.0078,0.7800,0.46,0.60,0.1403
25-Oct-19,59.66,60.453999,58.860001,60,-0.0057,-0.5667,6818.00,6956.00,7024.00,6795.30,-0.0246,-2.4600,0.49,0.64,0.1521
28-Oct-19,59.900002,60.453999,58.5,58.93,0.0165,1.6460,7022.00,6838.00,7060.00,6798.00,0.0299,2.9900,0.53,0.69,0.1671
29-Oct-19,58.720001,58.799999,57.77,58.259998,0.0079,0.7896,7046.00,7040.00,7046.00,6930.00,0.0034,0.3400,0.53,0.69,0.1564
30-Oct-19,58.73,58.863998,56.919998,57.599998,0.0196,1.9618,7102.00,7042.00,7118.00,6984.00,0.0079,0.7900,0.50,0.65,0.1520
31-Oct-19,56.669998,57.060001,55.859001,56.799999,-0.0023,-0.2289,6954.00,7130.00,7168.00,6946.00,-0.0208,-2.0800,0.48,0.60,0.1152
1-Nov-19,56.990002,57.459999,53.740002,57.310001,-0.0056,-0.5584,7038.00,7024.00,7132.00,6987.50,0.0121,1.2100,0.51,0.64,0.1303
4-Nov-19,57.82,58.514999,57.790001,57.790001,0.0005,0.0519,7050.00,7050.00,7138.00,7000.00,0.0017,0.1700,0.53,0.69,0.1611
5-Nov-19,58.52,58.560001,57.240002,58.09,0.0074,0.7402,6962.00,7068.00,7076.00,6960.00,-0.0125,-1.2500,0.56,0.74,0.1761
6-Nov-19,58.490002,58.759998,56.990002,57.41,0.0188,1.8812,6932.00,7000.00,7006.00,6858.00,-0.0043,-0.4300,0.54,0.71,0.1686
7-Nov-19,57.490002,57.869999,57.02,57.200001,0.0051,0.5070,6746.00,7000.00,7023.00,6746.00,-0.0268,-2.6800,0.51,0.75,0.2396
8-Nov-19,57.080002,59.630001,56.255001,56.279999,0.0142,1.4215,6904.00,6730.00,6920.50,6722.00,0.0234,2.3400,0.54,0.77,0.2310
11-Nov-19,55.959999,58.959999,55.41,58.540001,-0.0441,-4.4072,6906.00,6892.00,6940.00,6806.00,0.0003,0.0300,0.56,0.78,0.2286
12-Nov-19,58.700001,59.610001,58.18,59.59,-0.0149,-1.4935,6960.00,6940.00,7040.00,6868.00,0.0078,0.7800,0.56,0.79,0.2312
13-Nov-19,59.119999,59.700001,58.57,59.59,-0.0079,-0.7887,6988.00,6952.00,7016.00,6876.00,0.0040,0.4000,0.54,0.74,0.1990
14-Nov-19,59.610001,59.959999,58.689999,58.689999,0.0157,1.5676,6934.00,6974.00,7032.00,6910.00,-0.0077,-0.7700,0.52,0.70,0.1830
15-Nov-19,59.200001,59.639999,58.040001,59.169998,0.0005,0.0507,6840.00,6946.00,6992.00,6784.00,-0.0136,-1.3600,0.53,0.71,0.1828
18-Nov-19,59.27,60.528999,58.970001,59.740002,-0.0079,-0.7867,6840.00,6868.00,6964.00,6820.00,0.0000,0.0000,0.55,0.73,0.1719
19-Nov-19,60.060001,60.66,59.299999,59.48,0.0098,0.9751,6896.00,6878.00,7002.00,6858.00,0.0082,0.8200,0.55,0.72,0.1716
20-Nov-19,58.860001,59.16,58.470001,59.110001,-0.0042,-0.4229,6882.00,6906.00,6940.00,6784.00,-0.0020,-0.2000,0.55,0.72,0.1617
21-Nov-19,58.900002,59.130001,58.18,58.700001,0.0034,0.3407,6782.00,6848.00,6848.00,6708.00,-0.0145,-1.4500,0.57,0.74,0.1774
22-Nov-19,58.740002,60.130001,58.548,59.790001,-0.0176,-1.7561,6838.00,6814.00,6862.00,6764.00,0.0083,0.8300,0.51,0.69,0.1807
25-Nov-19,60.279999,61.169998,60.096001,60.869999,-0.0097,-0.9693,6862.00,6864.00,6939.20,6801.40,0.0035,0.3500,0.51,0.68,0.1777
26-Nov-19,61.18,61.509998,60.400002,61.220001,-0.0007,-0.0653,7010.00,6962.00,7038.00,6898.00,0.0216,2.1600,0.47,0.63,0.1566
27-Nov-19,61.380001,61.84,60.830002,61.700001,-0.0052,-0.5186,7026.00,7050.00,7064.00,6940.00,0.0023,0.2300,0.51,0.67,0.1605
28-Nov-19,61.82,62.689999,61.669998,62.689999,-0.0139,-1.3878,6898.00,7018.00,7018.00,6864.00,-0.0182,-1.8200,0.51,0.66,0.1556
29-Nov-19,62.509998,62.509998,60.950001,61.150002,0.0222,2.2240,6872.00,6850.00,6946.00,6828.00,-0.0038,-0.3800,0.54,0.68,0.1450
2-Dec-19,60.950001,61.290001,59.721001,59.939999,0.0169,1.6850,6750.00,6872.00,6944.30,6726.00,-0.0178,-1.7800,0.55,0.73,0.1815
3-Dec-19,60.07,60.490002,58.84,59.169998,0.0152,1.5210,6682.00,6758.00,6824.00,6674.00,-0.0101,-1.0100,0.50,0.67,0.1692
4-Dec-19,59.049999,60.709999,59.040001,60.57,-0.0251,-2.5095,6794.00,6670.00,6824.00,6664.00,0.0168,1.6800,0.56,0.73,0.1641
5-Dec-19,60.580002,61.279999,60.130001,60.509998,0.0012,0.1157,6740.00,6800.00,6832.00,6718.00,-0.0079,-0.7900,0.58,0.77,0.1880
6-Dec-19,60.709999,61.540001,60.32,61.470001,-0.0124,-1.2364,6790.00,6750.00,6836.00,6728.00,0.0074,0.7400,0.57,0.76,0.1853
9-Dec-19,61.16,62.75,61.16,62.130001,-0.0156,-1.5612,6778.00,6796.00,6827.60,6766.00,-0.0018,-0.1800,0.56,0.76,0.1954
10-Dec-19,62.099998,62.200001,60.678001,61.48,0.0101,1.0085,6798.00,6812.00,6812.00,6708.00,0.0030,0.3000,0.58,0.79,0.2075
11-Dec-19,61.330002,61.470001,60.339001,60.400002,0.0154,1.5397,6898.00,6800.00,6898.00,6742.00,0.0147,1.4700,0.57,0.77,0.2068
12-Dec-19,60.48,61.299999,60.240002,61.119999,-0.0105,-1.0471,6950.00,6912.00,7028.00,6876.00,0.0075,0.7500,0.59,0.82,0.2373
13-Dec-19,69.800003,73.660004,60.720001,64.330002,0.0850,8.5030,7172.00,7000.00,7214.00,6847.20,0.0319,3.1900,0.55,0.80,0.2509
16-Dec-19,64.989998,67.849998,64.68,67.25,-0.0336,-3.3606,7332.00,7222.00,7424.00,7222.00,0.0223,2.2300,0.60,0.83,0.2274
17-Dec-19,65.25,65.25,62.939999,63.299999,0.0308,3.0806,7436.00,7338.00,7450.00,7338.00,0.0142,1.4200,0.54,0.77,0.2325
18-Dec-19,63.18,63.580002,62.599998,63.360001,-0.0028,-0.2841,7404.00,7410.00,7480.00,7376.00,-0.0043,-0.4300,0.52,0.79,0.2609
19-Dec-19,63.279999,64.300003,63,63.919998,-0.0100,-1.0013,7460.00,7388.00,7460.00,7288.00,0.0076,0.7600,0.55,0.82,0.2697
20-Dec-19,64.199997,64.330002,62.330002,62.330002,0.0300,3.0002,7624.00,7498.00,7642.00,7462.00,0.0220,2.2000,0.53,0.78,0.2566
23-Dec-19,62,62.48,61.77,62.200001,-0.0032,-0.3215,7734.00,7640.00,7750.00,7622.00,0.0144,1.4400,0.54,0.78,0.2410
24-Dec-19,62.490002,63.75,62.349998,63.419998,-0.0147,-1.4664,7680.00,7750.00,7760.00,7636.00,-0.0070,-0.7000,0.53,0.77,0.2445
27-Dec-19,64,64.510002,62.959999,63.18,0.0130,1.2979,7760.00,7708.00,7768.00,7678.00,0.0104,1.0400,,,0.0000
30-Dec-19,63.369999,63.610001,63.040001,63.119999,0.0040,0.3961,7716.00,7770.00,7770.00,7702.00,-0.0057,-0.5700,,,0.0000
31-Dec-19,62.880001,63.151001,62.299999,62.5,0.0061,0.6080,7750.00,7752.00,7752.00,7648.00,0.0044,0.4400,0.52,0.76,0.2360
2-Jan-20,63.75,63.84,63.240002,63.709999,0.0006,0.0628,7700.00,7746.00,7816.00,7674.00,-0.0065,-0.6500,0.58,0.87,0.2904
3-Jan-20,63.799999,63.799999,62.450001,63.049999,0.0119,1.1895,7638.00,7656.00,7658.00,7580.00,-0.0081,-0.8100,0.53,0.82,0.2921
6-Jan-20,63.200001,63.324001,62.071999,63.25,-0.0008,-0.0790,7500.00,7576.00,7660.00,7494.00,-0.0181,-1.8100,,,0.0000
7-Jan-20,63.110001,63.689999,62.889999,63.110001,0.0000,0.0000,7440.00,7550.00,7559.80,7424.00,-0.0080,-0.8000,0.54,0.79,0.2504
8-Jan-20,62.580002,62.869999,62.009998,62.790001,-0.0033,-0.3344,7542.00,7410.00,7542.00,7355.70,0.0137,1.3700,0.53,0.74,0.2173
9-Jan-20,63.450001,63.5,61.745998,61.849998,0.0259,2.5869,7766.00,7590.00,7778.00,7578.50,0.0297,2.9700,0.56,0.77,0.2037
10-Jan-20,61.5,61.759998,60.09,60.330002,0.0194,1.9393,7652.00,7780.00,7834.00,7650.00,-0.0147,-1.4700,0.58,0.79,0.2123
13-Jan-20,59.75,61.75,58.645,58.740002,0.0172,1.7194,7566.00,7700.00,7700.00,7550.00,-0.0112,-1.1200,0.58,0.80,0.2175
14-Jan-20,58.75,59.006001,58.279999,58.75,0.0000,0.0000,7546.00,7564.00,7626.00,7500.00,-0.0026,-0.2600,0.57,0.83,0.2566
15-Jan-20,58.869999,58.91,57.689999,57.810001,0.0183,1.8336,7646.00,7560.00,7646.00,7518.00,0.0133,1.3300,0.52,0.79,0.2698
16-Jan-20,57.959999,58.181999,57.240002,57.900002,0.0010,0.1036,7646.00,7716.00,7750.00,7583.20,0.0000,0.0000,0.47,0.77,0.2961
17-Jan-20,58.310001,58.73,57.889999,58.450001,-0.0024,-0.2395,7640.00,7694.00,7706.00,7580.00,-0.0008,-0.0800,0.47,0.73,0.2612
20-Jan-20,58.709999,58.709999,57.761002,57.900002,0.0140,1.3990,7624.00,7628.00,7746.00,7602.00,-0.0021,-0.2100,0.42,0.66,0.2366
21-Jan-20,57.52,58.639999,57.23,58.5,-0.0168,-1.6752,7708.00,7600.00,7708.00,7566.00,0.0110,1.1000,0.42,0.65,0.2295
22-Jan-20,58.380001,58.560001,57.84,58.09,0.0050,0.4992,7986.00,7716.00,7986.00,7712.00,0.0361,3.6100,0.40,0.65,0.2445
23-Jan-20,57.959999,58.849998,57.400002,57.400002,0.0098,0.9756,7918.00,7990.00,7990.00,7884.00,-0.0085,-0.8500,0.41,0.66,0.2515
24-Jan-20,58.099998,59.259998,57.849998,58.09,0.0002,0.0172,7950.00,7998.00,8150.00,7950.00,0.0040,0.4000,0.41,0.64,0.2312
27-Jan-20,57.200001,57.790001,56.73,57.110001,0.0016,0.1576,7768.00,7900.00,7946.00,7768.00,-0.0229,-2.2900,0.42,0.64,0.2169
28-Jan-20,57.5,58.240002,56.820999,57.639999,-0.0024,-0.2429,7732.00,7802.00,7852.00,7684.00,-0.0046,-0.4600,0.40,0.59,0.1979
29-Jan-20,57.959999,58.445999,57.43,57.5,0.0080,0.8000,7790.00,7780.00,7802.00,7710.00,0.0075,0.7500,0.40,0.57,0.1745
30-Jan-20,57,58.264999,57,57.93,-0.0161,-1.6054,7824.00,7736.00,7854.00,7720.00,0.0044,0.4400,0.37,0.51,0.1458
31-Jan-20,58.48,58.48,56.349998,56.790001,0.0298,2.9759,7836.00,7850.00,7960.00,7796.00,0.0015,0.1500,0.41,0.55,0.1425
3-Feb-20,56.98,57.200001,56.189999,56.549999,0.0076,0.7604,7924.00,7842.00,7996.00,7820.00,0.0112,1.1200,0.41,0.53,0.1227
4-Feb-20,57.32,57.59,56.830002,57.5,-0.0031,-0.3130,8028.00,7980.00,8080.00,7950.00,0.0131,1.3100,0.47,0.55,0.0811
5-Feb-20,57.66,58.327999,57.139999,57.139999,0.0091,0.9100,8136.00,7974.00,8162.00,7974.00,0.0135,1.3500,0.46,0.53,0.0683
6-Feb-20,57.650002,58.27,56.845001,56.950001,0.0123,1.2292,8166.00,8162.00,8180.00,8070.00,0.0037,0.3700,0.45,0.54,0.0920
7-Feb-20,56.82,57.080002,56.200001,56.919998,-0.0018,-0.1757,8196.00,8198.00,8254.00,8154.00,0.0037,0.3700,0.45,0.57,0.1169
10-Feb-20,56.66,57.16,56.48,56.880001,-0.0039,-0.3868,8166.00,8248.00,8248.00,8106.00,-0.0037,-0.3700,0.46,0.61,0.1467
11-Feb-20,57.5,57.5,56.349998,56.73,0.0136,1.3573,8198.00,8218.00,8226.00,8154.00,0.0039,0.3900,0.46,0.60,0.1409
12-Feb-20,56.759998,57.639999,56.205002,57.439999,-0.0118,-1.1838,8272.00,8242.00,8272.00,8132.00,0.0090,0.9000,0.46,0.58,0.1216
13-Feb-20,57.439999,58.150002,56.200001,58.029999,-0.0102,-1.0167,8226.00,8280.00,8280.00,8128.00,-0.0056,-0.5600,0.45,0.57,0.1182
14-Feb-20,58.130001,58.200001,56.549999,56.610001,0.0269,2.6850,8220.00,8190.00,8226.00,8148.00,-0.0007,-0.0700,0.47,0.58,0.1054
17-Feb-20,56.669998,57.209999,56.529999,56.869999,-0.0035,-0.3517,8300.00,8272.00,8322.00,8194.00,0.0097,0.9700,0.51,0.62,0.1101
18-Feb-20,56.200001,56.990002,55.880001,55.880001,0.0057,0.5727,8350.00,8234.00,8382.00,8172.00,0.0060,0.6000,0.52,0.65,0.1274
19-Feb-20,56.200001,56.400002,55.630001,55.779999,0.0075,0.7530,8542.00,8390.00,8566.00,8336.00,0.0230,2.3000,0.51,0.63,0.1248
20-Feb-20,55.990002,58.130001,55.91,56.549999,-0.0099,-0.9903,8416.00,8582.00,8628.00,8416.00,-0.0148,-1.4800,0.52,0.65,0.1318
21-Feb-20,55.68,56.060001,55.169998,55.349998,0.0060,0.5962,8422.00,8416.00,8538.00,8380.00,0.0007,0.0700,0.50,0.63,0.1274
24-Feb-20,53.880001,54.380001,52.299999,53.110001,0.0145,1.4498,8300.00,8380.00,8384.00,8156.00,-0.0145,-1.4500,0.49,0.62,0.1218
25-Feb-20,53.52,53.848,51.98,52.009998,0.0290,2.9033,8072.00,8344.00,8421.00,8058.00,-0.0275,-2.7500,0.48,0.59,0.1069
26-Feb-20,52.099998,52.32,51.02,51.91,0.0037,0.3660,8076.00,7908.00,8076.00,7576.00,0.0005,0.0500,0.47,0.57,0.0941
27-Feb-20,51.169998,51.290001,49.580002,50.349998,0.0163,1.6286,7810.00,7966.00,8068.00,7736.00,-0.0329,-3.2900,0.44,0.54,0.0952
28-Feb-20,48.794998,50.5,47.881001,50.200001,-0.0280,-2.7988,7576.00,7730.00,7778.00,7420.00,-0.0300,-3.0000,0.41,0.50,0.0917
2-Mar-20,51.490002,52.069,48.632999,49.540001,0.0394,3.9362,7888.00,7824.00,7954.00,7658.00,0.0412,4.1200,0.40,0.50,0.1000
3-Mar-20,50.509998,50.799999,48.544998,48.674999,0.0377,3.7699,7864.00,7910.00,8090.00,7864.00,-0.0030,-0.3000,0.36,0.46,0.1022
4-Mar-20,48.005001,49.146,47.68,48.365002,-0.0074,-0.7443,7994.00,7910.00,7994.00,7808.00,0.0165,1.6500,0.34,0.43,0.0978
5-Mar-20,48.365002,48.556999,46.205002,47,0.0290,2.9043,8030.00,8094.00,8120.00,7862.00,0.0045,0.4500,0.29,0.41,0.1138
6-Mar-20,45.459999,46.66,44.846001,45.68,-0.0048,-0.4816,7592.00,7884.00,7938.00,7536.00,-0.0545,-5.4500,0.25,0.39,0.1389
9-Mar-20,40.75,44.014,39.367001,41.235001,-0.0118,-1.1762,7246.00,7402.00,7414.00,7064.00,-0.0456,-4.5600,0.21,0.37,0.1554
10-Mar-20,42.290001,45,41.59,42.535,-0.0058,-0.5760,7036.00,7332.00,7490.00,7036.00,-0.0290,-2.9000,0.17,0.33,0.1626
11-Mar-20,42.639999,44.210999,41.625,42.119999,0.0123,1.2346,7036.00,7320.00,7320.00,6994.60,0.0000,0.0000,0.09,0.20,0.1101
12-Mar-20,39.860001,41.165001,36.610001,36.994999,0.0774,7.7443,6356.00,6706.00,6746.00,6138.00,-0.0966,-9.6600,0.11,0.16,0.0497
13-Mar-20,38.544998,40.133999,37.080002,37.889999,0.0173,1.7287,6794.00,6582.00,7068.00,6480.00,0.0689,6.8900,0.16,0.22,0.0631
16-Mar-20,35.5,35.962002,32.200001,35.110001,0.0111,1.1108,6312.00,6250.00,6368.00,5734.00,-0.0709,-7.0900,0.15,0.29,0.1336
17-Mar-20,36,36.554001,31.6,35.32,0.0193,1.9253,6174.00,6504.00,6550.00,5926.00,-0.0219,-2.1900,0.22,0.28,0.0639
18-Mar-20,33.625,34.435001,32.150002,33.634998,-0.0003,-0.0297,5806.00,5996.00,6016.00,5300.00,-0.0596,-5.9600,0.28,0.40,0.1211
19-Mar-20,33.279999,34.217999,30.700001,32.375,0.0280,2.7954,5928.00,5818.00,6178.00,5736.00,0.0210,2.1000,0.31,0.48,0.1710
20-Mar-20,33.75,34.544998,31.4,32.099998,0.0514,5.1402,6220.00,6218.00,6518.00,6076.00,0.0493,4.9300,0.31,0.55,0.2412
23-Mar-20,29.950001,31.990999,29.816999,30.57,-0.0203,-2.0281,6252.00,6008.00,6382.00,5818.00,0.0051,0.5100,0.33,0.81,0.4768
24-Mar-20,31.370001,33.645,30.75,33.645,-0.0676,-6.7618,6902.00,6400.00,7100.00,6290.00,0.1040,10.4000,0.23,0.83,0.5987
25-Mar-20,35.240002,38.492001,33,36.73,-0.0406,-4.0566,7368.00,7108.00,7768.00,6938.00,0.0675,6.7500,0.10,0.53,0.4239
26-Mar-20,35.139999,37.939999,34.400002,37.560001,-0.0644,-6.4430,7326.00,7166.00,7504.00,7060.00,-0.0057,-0.5700,0.05,0.39,0.3397
27-Mar-20,35.5,36.977001,33.52,34.395,0.0321,3.2127,6948.00,7154.00,7252.00,6794.00,-0.0516,-5.1600,0.11,0.44,0.3361
30-Mar-20,34.134998,36.977001,32.389999,33.5,0.0190,1.8955,7322.00,6892.00,7334.00,6716.00,0.0538,5.3800,0.10,0.43,0.3318
31-Mar-20,32.009998,36.977001,31.715,32,0.0003,0.0312,7280.00,7290.00,7406.00,7076.00,-0.0057,-0.5700,0.11,0.37,0.2545
1-Apr-20,30,31,28.209999,28.27,0.0612,6.1196,7070.00,7044.00,7186.00,6864.00,-0.0288,-2.8800,0.12,0.34,0.2225
2-Apr-20,27.945,29.799999,27.829,28.905001,-0.0332,-3.3212,6736.00,7118.00,7142.00,6496.00,-0.0472,-4.7200,0.11,0.31,0.1974
3-Apr-20,28.485001,28.858999,27.700001,27.725,0.0274,2.7412,7200.00,6802.00,7222.00,6702.00,0.0689,6.8900,0.14,0.36,0.2220
6-Apr-20,28.525,29.940001,28.148001,29.940001,-0.0473,-4.7261,7064.00,7332.00,7533.30,6804.00,-0.0189,-1.8900,0.11,0.32,0.2010
7-Apr-20,30.639999,32.325001,30.25,31.219999,-0.0186,-1.8578,7180.00,7274.00,7426.00,7006.00,0.0164,1.6400,0.11,0.34,0.2244
8-Apr-20,30.014999,31.860001,29.913,31.860001,-0.0579,-5.7910,7126.00,7096.00,7234.00,6972.00,-0.0075,-0.7500,0.10,0.32,0.2279
9-Apr-20,32.099998,35.355,32.02,33.389999,-0.0386,-3.8634,7232.00,7182.00,7262.00,6968.00,0.0149,1.4900,0.11,0.34,0.2337
14-Apr-20,33.014999,33.400002,31.705,31.785,0.0387,3.8697,7244.00,7314.00,7368.00,7179.00,0.0017,0.1700,0.15,0.40,0.2448
15-Apr-20,31.434999,31.690001,29.68,29.745001,0.0568,5.6816,7064.00,7150.00,7230.00,6982.00,-0.0248,-2.4800,0.12,0.38,0.2660
16-Apr-20,29.725,30.9,29.135,29.434999,0.0099,0.9852,7262.00,7110.00,7320.00,7034.00,0.0280,2.8000,0.05,0.31,0.2613
17-Apr-20,30.25,31.299999,29.889999,30.450001,-0.0066,-0.6568,7482.00,7436.00,7592.00,7346.00,0.0303,3.0300,,,0.0000
20-Apr-20,30.65,30.941,29.6,30.120001,0.0176,1.7596,7542.00,7550.00,7633.40,7416.40,0.0080,0.8000,,,0.0000
21-Apr-20,29.299999,30.171,29.125,29.219999,0.0027,0.2738,7350.00,7516.00,7818.00,7350.00,-0.0255,-2.5500,0.08,0.33,0.2514
22-Apr-20,29.530001,30.18,29.4,29.915001,-0.0129,-1.2870,7622.00,7408.00,7654.00,7380.00,0.0370,3.7000,0.05,0.29,0.2443
23-Apr-20,29.945,30.424999,29.459999,30.424999,-0.0158,-1.5776,7560.00,7666.00,7712.00,7516.00,-0.0081,-0.8100,0.08,0.29,0.2149
24-Apr-20,29.65,30.35,25.674999,29.735001,-0.0029,-0.2859,7440.00,7552.00,7602.00,7432.00,-0.0159,-1.5900,0.10,0.29,0.1934
27-Apr-20,30.68,30.9,30,30.535,0.0047,0.4749,7486.00,7504.00,7580.00,7418.00,0.0062,0.6200,0.10,0.33,0.2237
28-Apr-20,30.58,35.759998,30.469999,33.244999,-0.0802,-8.0162,7488.00,7500.00,7566.00,7448.00,0.0003,0.0300,0.08,0.29,0.2135
29-Apr-20,33.200001,34.759998,32.759998,34.759998,-0.0449,-4.4879,7586.00,7458.00,7616.00,7442.00,0.0131,1.3100,0.09,0.32,0.2262
30-Apr-20,34.759998,34.929001,31.597,32.240002,0.0782,7.8164,7456.00,7640.00,7748.00,7432.00,-0.0171,-1.7100,0.08,0.30,0.2217
1-May-20,31.98,32.084,30.395,31.684999,0.0093,0.9310,7470.00,7338.00,7560.00,7302.00,0.0019,0.1900,0.08,0.30,0.2165
4-May-20,31.370001,31.445,30.35,30.6,0.0252,2.5163,7426.00,7486.00,7516.00,7328.00,-0.0059,-0.5900,0.09,0.32,0.2278
5-May-20,31,31.709999,30.323,30.58,0.0137,1.3734,7588.00,7552.00,7626.00,7450.00,0.0218,2.1800,0.07,0.30,0.2308
6-May-20,30.549999,30.754999,30.01,30.17,0.0126,1.2595,7676.00,7614.00,7676.00,7538.00,0.0116,1.1600,0.07,0.30,0.2348
7-May-20,30.1,31.285,30.02,31.285,-0.0379,-3.7878,7828.00,7696.00,7836.00,7672.00,0.0198,1.9800,0.03,0.24,0.2091
11-May-20,32.360001,32.395,30.18,30.415001,0.0639,6.3949,7956.00,7946.00,7982.00,7798.00,0.0164,1.6400,0.07,0.27,0.2019
12-May-20,30.365,30.75,29.885,29.885,0.0161,1.6062,8104.00,7944.00,8190.00,7886.00,0.0186,1.8600,0.05,0.24,0.1832
13-May-20,29.4,29.764999,28.905001,29.01,0.0134,1.3444,8044.00,8046.00,8186.00,7982.00,-0.0074,-0.7400,0.03,0.21,0.1795
14-May-20,28.5,28.780001,27.120001,28.615,-0.0040,-0.4019,7924.00,7998.00,8025.90,7852.00,-0.0149,-1.4900,0.04,0.24,0.2029
15-May-20,28.9,29.334,28.08,28.504999,0.0139,1.3857,8026.00,7962.00,8072.00,7880.00,0.0129,1.2900,0.02,0.25,0.2254
18-May-20,29,29.684999,28.18,29.684999,-0.0231,-2.3076,8290.00,8198.00,8312.00,8134.00,0.0329,3.2900,,,0.0000
19-May-20,30.385,30.566999,29.1,29.584999,0.0270,2.7041,8286.00,8380.00,8392.00,8194.00,-0.0005,-0.0500,0.03,0.28,0.2466
20-May-20,29.120001,30.059999,28.488001,29.865,-0.0249,-2.4946,8360.00,8266.00,8392.00,8124.00,0.0089,0.8900,0.01,0.26,0.2498
21-May-20,29.639999,29.666,28.389999,28.389999,0.0440,4.4030,8340.00,8310.00,8454.00,8260.00,-0.0024,-0.2400,0.01,0.24,0.2270
22-May-20,27.92,28.860001,27.6,28.120001,-0.0071,-0.7112,8432.00,8250.00,8490.00,8210.00,0.0110,1.1000,0.01,0.23,0.2196
26-May-20,29.325001,30.25,29,30.075001,-0.0249,-2.4938,8272.00,8542.00,8623.30,8190.30,-0.0190,-1.9000,0.03,0.25,0.2169
27-May-20,30.370001,32.044998,30.110001,31.815001,-0.0454,-4.5419,8010.00,8316.00,8398.00,7838.00,-0.0317,-3.1700,0.03,0.27,0.2403
28-May-20,32.384998,32.830002,30.965,31.379999,0.0320,3.2027,8232.00,8046.00,8330.00,8046.00,0.0277,2.7700,0.01,0.26,0.2573
29-May-20,30.885,31.065001,29.870001,29.870001,0.0340,3.3981,8030.00,8144.00,8232.00,7972.00,-0.0245,-2.4500,0.01,0.25,0.2410
1-Jun-20,30.504999,31.190001,30.275,30.860001,-0.0115,-1.1504,8126.00,8134.00,8170.00,8018.00,0.0120,1.2000,-0.03,0.19,0.2112
2-Jun-20,31.07,32.470001,30.77,31.93,-0.0269,-2.6934,8068.00,8178.00,8224.00,8050.00,-0.0071,-0.7100,-0.04,0.18,0.2168
3-Jun-20,32.595001,33.974998,32.439999,33.759998,-0.0345,-3.4508,8250.00,8086.00,8250.00,8000.00,0.0226,2.2600,,,0.0000
4-Jun-20,33.709999,34.099998,32.889999,33.884998,-0.0052,-0.5164,8270.00,8214.00,8371.10,8210.00,0.0024,0.2400,0.00,0.22,0.2230
5-Jun-20,34.509998,35.959999,34.209999,35.544998,-0.0291,-2.9118,8072.00,8304.00,8308.00,7970.00,-0.0239,-2.3900,-0.01,0.19,0.2026
8-Jun-20,35.200001,38.119999,35,36.880001,-0.0456,-4.5553,7910.00,8000.00,8042.00,7684.00,-0.0201,-2.0100,-0.01,0.20,0.2143
9-Jun-20,36.950001,37.301998,34.773998,35.224998,0.0490,4.8971,7838.00,7894.00,8028.00,7790.00,-0.0091,-0.9100,-0.03,0.18,0.2110
10-Jun-20,35.935001,36.970001,34.665001,35.02,0.0261,2.6128,8066.00,7864.00,8130.00,7850.00,0.0291,2.9100,0.01,0.23,0.2197
11-Jun-20,33.5,33.544998,32,32.044998,0.0454,4.5405,8094.00,8000.00,8250.00,7956.00,0.0035,0.3500,-0.01,0.23,0.2356
12-Jun-20,31.24,32.93,30.66,31.93,-0.0216,-2.1610,7962.00,8024.00,8082.00,7918.00,-0.0163,-1.6300,0.03,0.29,0.2666
15-Jun-20,30.445,32.939999,30.889999,31.530001,-0.0344,-3.4412,7968.00,7824.00,8026.00,7782.00,0.0008,0.0800,0.03,0.32,0.2919
16-Jun-20,32.935001,34.080002,32.360001,33.150002,-0.0065,-0.6486,8096.00,8114.00,8140.00,7992.10,0.0161,1.6100,0.03,0.37,0.3375
17-Jun-20,33.095001,33.735001,32.279999,32.575001,0.0160,1.5963,8122.00,8100.00,8200.00,8036.00,0.0032,0.3200,0.03,0.35,0.3211
18-Jun-20,32.235001,33.134998,31.895,32.43,-0.0060,-0.6013,8062.00,8144.00,8164.00,7970.00,-0.0074,-0.7400,0.02,0.33,0.3125
19-Jun-20,32.939999,32.939999,32.080002,32.235001,0.0219,2.1871,8238.00,8082.00,8248.00,8037.80,0.0218,2.1800,-0.02,0.27,0.2967
22-Jun-20,31.825001,32.209999,31.309999,31.645,0.0057,0.5688,8050.00,8148.00,8288.00,8050.00,-0.0228,-2.2800,-0.03,0.20,0.2309
23-Jun-20,31.865,32.952,31.76,32.744999,-0.0269,-2.6874,8366.00,8140.00,8366.00,8098.00,0.0393,3.9300,-0.02,0.22,0.2331
24-Jun-20,32.485001,33.154999,31.610001,31.610001,0.0277,2.7681,8014.00,8330.00,8346.00,8014.00,-0.0421,-4.2100,-0.01,0.22,0.2302
25-Jun-20,31.299999,31.9,30.514999,31.620001,-0.0101,-1.0120,8192.00,7974.00,8204.00,7946.00,0.0222,2.2200,-0.03,0.21,0.2397
26-Jun-20,32.07,32.18,30.993,31.084999,0.0317,3.1687,8358.00,8228.00,8434.00,8228.00,0.0203,2.0300,-0.04,0.20,0.2363
29-Jun-20,30.99,31.485001,30.4,31.254999,-0.0085,-0.8479,8362.00,8320.00,8414.00,8262.00,0.0005,0.0500,-0.02,0.24,0.2626
30-Jun-20,31.264999,31.58,30.639999,31.174999,0.0029,0.2887,8358.00,8420.00,8454.00,8272.00,-0.0005,-0.0500,-0.02,0.26,0.2794
1-Jul-20,31.17,31.35,30.469999,30.700001,0.0153,1.5309,8316.00,8360.00,8412.00,8210.00,-0.0050,-0.5000,-0.05,0.21,0.2638
2-Jul-20,31.16,32.084999,30.915001,31.85,-0.0217,-2.1664,8434.00,8406.00,8434.00,8300.00,0.0142,1.4200,-0.04,0.24,0.2787
3-Jul-20,31.785,32.040001,30.725,31.025,0.0245,2.4496,8466.00,8442.00,8550.00,8442.00,0.0038,0.3800,-0.06,0.21,0.2708
6-Jul-20,30.83,32,30.745001,31.205,-0.0120,-1.2017,8494.00,8584.00,8596.00,8412.00,0.0033,0.3300,-0.05,0.18,0.2339
7-Jul-20,30.9,31.389999,30.708,30.74,0.0052,0.5205,8288.00,8432.00,8494.00,8236.00,-0.0243,-2.4300,-0.05,0.19,0.2468
8-Jul-20,30.48,31.055,30.33,30.719999,-0.0078,-0.7812,8402.00,8280.00,8526.00,8242.00,0.0138,1.3800,-0.07,0.18,0.2505
9-Jul-20,31,31.110001,29.629999,29.735001,0.0425,4.2542,8426.00,8444.00,8538.00,8394.00,0.0029,0.2900,-0.07,0.19,0.2614
10-Jul-20,29.475,30.51,29.245001,30.455,-0.0322,-3.2179,8352.00,8392.00,8510.00,8352.00,-0.0088,-0.8800,-0.05,0.24,0.2871
13-Jul-20,31,31.27,30.280001,30.639999,0.0117,1.1749,8446.00,8438.00,8468.00,8306.00,0.0113,1.1300,-0.08,0.21,0.2853
14-Jul-20,30.120001,30.82,29.92,30.105,0.0005,0.0498,8312.00,8316.00,8382.00,8208.00,-0.0159,-1.5900,-0.07,0.21,0.2792
15-Jul-20,30.299999,30.485001,29.665001,30.385,-0.0028,-0.2797,8298.00,8348.00,8470.00,8284.00,-0.0017,-0.1700,-0.06,0.22,0.2788
16-Jul-20,30.235001,30.65,30.049999,30.530001,-0.0097,-0.9663,8290.00,8248.00,8356.00,8168.00,-0.0010,-0.1000,-0.06,0.20,0.2628
17-Jul-20,30.299999,30.700001,29.879999,30.565001,-0.0087,-0.8670,8400.00,8322.00,8430.00,8224.00,0.0133,1.3300,-0.06,0.20,0.2637
21-Jul-20,30.74,31.17,30.165001,30.504999,0.0077,0.7704,8478.00,8568.00,8608.00,8452.00,-0.0005,-0.0500,-0.08,0.18,0.2548
22-Jul-20,30.5,30.790001,30.045,30.32,0.0059,0.5937,8486.00,8540.00,8572.00,8436.00,0.0009,0.0900,-0.10,0.17,0.2665
23-Jul-20,30.43,30.530001,30,30.165001,0.0088,0.8785,8344.00,8500.00,8502.00,8320.00,-0.0167,-1.6700,-0.08,0.21,0.2951
24-Jul-20,30,30.235001,29.655001,29.695,0.0103,1.0271,8368.00,8234.00,8382.00,8130.00,0.0029,0.2900,-0.09,0.17,0.2610
27-Jul-20,29.684999,29.827,28.719999,28.9,0.0272,2.7163,8380.00,8374.00,8458.00,8340.00,0.0014,0.1400,-0.07,0.19,0.2645
28-Jul-20,28.875,29.23,28.559999,29.219999,-0.0118,-1.1807,8372.00,8426.00,8488.00,8336.00,-0.0010,-0.1000,-0.10,0.16,0.2544
29-Jul-20,29.450001,29.540001,28.295,28.365,0.0383,3.8251,8492.00,8434.00,8500.00,8388.00,0.0143,1.4300,-0.08,0.18,0.2665
30-Jul-20,27,27.608,25.709999,26.205,0.0303,3.0338,8346.00,8472.00,8528.00,8258.00,-0.0172,-1.7200,-0.09,0.17,0.2659
31-Jul-20,26.5,26.98,25.433001,26.285,0.0082,0.8180,8484.00,8372.00,8658.00,8348.00,0.0165,1.6500,-0.10,0.17,0.2668
3-Aug-20,25.965,27.975,25.889999,27.870001,-0.0684,-6.8353,8686.00,8466.00,8746.00,8388.00,0.0238,2.3800,-0.11,0.15,0.2557
4-Aug-20,27.74,28.514999,27.674999,28.155001,-0.0147,-1.4740,8438.00,8718.00,8732.00,8438.00,-0.0286,-2.8600,-0.10,0.15,0.2522
5-Aug-20,28.424999,28.610001,27.879999,28.174999,0.0089,0.8873,8588.00,8538.00,8614.00,8490.00,0.0178,1.7800,-0.09,0.18,0.2648
6-Aug-20,28.120001,28.280001,27.48,28.16,-0.0014,-0.1420,8578.00,8576.00,8609.00,8470.00,-0.0012,-0.1200,-0.11,0.14,0.2506
7-Aug-20,28.07,28.155001,27.485001,27.785,0.0103,1.0257,8620.00,8614.00,8672.00,8562.00,0.0049,0.4900,-0.11,0.14,0.2442
10-Aug-20,28.215,28.559999,27.934999,28.415001,-0.0070,-0.7039,8474.00,8632.00,8632.00,8474.00,-0.0169,-1.6900,-0.09,0.15,0.2397
11-Aug-20,28.73,29.629999,28.65,29.455,-0.0246,-2.4614,8546.00,8580.00,8638.00,8484.00,0.0085,0.8500,-0.10,0.12,0.2196
12-Aug-20,29.455,30.07,29.280001,29.690001,-0.0079,-0.7915,8874.00,8540.00,8886.00,8486.00,0.0384,3.8400,-0.09,0.13,0.2189
,,,,,,,,,,,,,,,
,,,,,,,,,,,,,,,
,,,,,,,,,,,,,,,
,,,,,,,,,,,,,,,
,,,,,,,,,,,,,,,
,,,,,,,,,,,,,,,
,,,,,,,,,,,,,,,
,,,,,,,,,,,,,,,